CREATE DATABASE QLGIAOVU

CREATE TABLE KHOA 
(
MAKHOA varchar(4) primary key,
TENKHOA varchar(40),
NGTLAP smalldatetime,
TRGKHOA char(4)
)

CREATE TABLE MONHOC 
(
MAMH varchar(10) primary key,
TENMH varchar(40),
TCLT tinyint,
TCTH tinyint,
MAKHOA varchar(4) foreign key references KHOA(MAKHOA)
)

CREATE TABLE DIEUKIEN
(
MAMH varchar(10) not null foreign key references MONHOC(MAMH),
MAMH_TRUOC varchar(10) not null foreign key references MONHOC(MAMH)
)

ALTER TABLE DIEUKIEN
ADD primary key (MAMH, MAMH_TRUOC)

CREATE TABLE GIAOVIEN
(
MAGV char(4) primary key,
HOTEN varchar(40),
HOCVI varchar(10),
HOCHAM varchar(10),
GIOITINH varchar(3),
NGSINH smalldatetime,
NGVL smalldatetime,
HESO numeric(4,2),
MUCLUONG money,
MAKHOA varchar(4) foreign key references KHOA(MAKHOA)
)

CREATE TABLE LOP
(
MALOP char(3) primary key,
TENLOP varchar(40),
TRGLOP char(5),
SISO tinyint,
MAGVCN char(4) foreign key references GIAOVIEN(MAGV)
)

CREATE TABLE HOCVIEN 
(
MAHV char(5) primary key,
HO varchar(40),
TEN varchar(10),
NGSINH smalldatetime,
GIOITINH varchar(3),
NOISINH varchar(40),
MALOP char(3) foreign key references LOP(MALOP)
)
CREATE TABLE GIANGDAY
(
MALOP char(3) not null foreign key references LOP(MALOP),
MAMH varchar(10) not null foreign key references MONHOC(MAMH),
MAGV char(4) not null foreign key references GIAOVIEN(MAGV),
HOCKY tinyint,
NAM smallint,
TUNGAY smalldatetime,
DENNGAY smalldatetime
)

ALTER TABLE GIANGDAY
ADD primary key (MALOP, MAMH, MAGV)

CREATE TABLE KETQUATHI
(
MAHV char(5) not null foreign key references HOCVIEN(MAHV),
MAMH varchar(10) not null foreign key references MONHOC(MAMH),
LANTHI  tinyint not null,
NGTHI smalldatetime,
DIEM numeric(4,2),
KQUA varchar(10)
)

ALTER TABLE KETQUATHI
ADD primary key (MAHV, MAMH, LANTHI)

/** Thuộc tính GIOITINH chỉ có giá trị là “Nam” hoặc “Nu”.**/
ALTER TABLE GIAOVIEN 
ADD CHECK (GIOITINH = 'Nam' or GIOITINH = 'Nu')
ALTER TABLE HOCVIEN
ADD CHECK (GIOITINH = 'Nam' or GIOITINH = 'Nu')

/** Điểm số của một lần thi có giá trị từ 0 đến 10 và cần lưu đến 2 số lẽ (VD: 6.22)**/
ALTER TABLE KETQUATHI
ADD CHECK (DIEM <= 10.00 AND DIEM >= 0.00)

/** Kết quả thi là “Dat” nếu điểm từ 5 đến 10 và “Khong dat” nếu điểm nhỏ hơn 5**/
UPDATE KETQUATHI
SET KQUA = 'Dat'
WHERE DIEM >=5

UPDATE KETQUATHI
SET KQUA = 'Khong dat' 
WHERE DIEM < 5

/** Học viên thi một môn tối đa 3 lần.**/
ALTER TABLE KETQUATHI
ADD CHECK (LANTHI <=3)

/** Học kỳ chỉ có giá trị từ 1 đến 3.**/
ALTER TABLE GIANGDAY
ADD CHECK (HOCKY >= 1 AND HOCKY <=3)

/** Học vị của giáo viên chỉ có thể là “CN”, “KS”, “Ths”, ”TS”, ”PTS”.**/
ALTER TABLE GIAOVIEN
ADD CHECK (HOCVI = 'CN' OR HOCVI = 'KS' OR HOCVI = 'ThS' OR HOCVI = 'TS' OR HOCVI = 'PTS')

INSERT INTO KHOA (MAKHOA, TENKHOA, NGTLAP, TRGKHOA)
VALUES
('KHMT','Khoa hoc may tinh','6/7/2005','GV01'),
('HTTT','He thong thong tin','6/7/2005','GV02'),
('CNPM','Cong nghe phan mem','6/7/2005','GV04'),
('MTT','Mang va truyen thong','10/20/2005','GV03'),
('KTMT','Ky thuat may tinh','12/20/2005','')

INSERT INTO GIAOVIEN (MAGV, HOTEN, HOCVI, HOCHAM, GIOITINH, NGSINH, NGVL, HESO, MUCLUONG, MAKHOA)
VALUES
('GV01','Ho Thanh Son','PTS','GS','Nam','5/2/1950','1/11/2004',5.00,2250000,'KHMT'),
('GV02','Tran Tam Thanh','TS','PGS','Nam','12/17/1965','4/20/2004',4.50,2025000,'HTTT'),
('GV03','Do Nghiem Phung','TS','GS','Nu','8/1/1950','9/23/2004',4.00,1800000,'CNPM'),
('GV04','Tran Nam Son','TS','PGS','Nam','2/22/1961','1/12/2005',4.50,2025000,'KTMT'),
('GV05','Mai Thanh Danh','ThS','GV','Nam','3/12/1958','1/12/2005',3.00,1350000,'HTTT'),
('GV06','Tran Doan Hung','TS','GV','Nam','3/11/1953','1/12/2005',4.50,2025000,'KHMT'),
('GV07','Nguyen Minh Tien','ThS','GV','Nam','11/23/1971','3/1/2005',4.00,1800000,'KHMT'),
('GV08','Le Thi Tran','KS','','Nu','3/26/1974','3/1/2005',1.69,760500,'KHMT'),
('GV09','Nguyen To Lan','ThS','GV','Nu','12/31/1966','3/1/2005',4.00,1800000,'HTTT'),
('GV10','Le Tran Anh Loan','KS','','Nu','7/17/1972','3/1/2005',1.86,837000,'CNPM'),
('GV11','Ho Thanh Tung','CN','GV','Nam','1/12/1980','5/15/2005',2.67,1201500,'MTT'),
('GV12','Tran Van Anh','CN','','Nu','3/29/1981','5/15/2005',1.69,760500,'CNPM'),
('GV13','Nguyen Linh Dan','CN','','Nu','5/23/1980','5/15/2005',1.69,760500,'KTMT'),
('GV14','Truong Minh Chau','ThS','GV','Nu','11/30/1976','5/15/2005',3.00,1350000,'MTT'),
('GV15','Le Ha Thanh','ThS','GV','Nam','5/4/1978','5/15/2005',3.00,1350000,'KHMT')
 

INSERT INTO MONHOC (MAMH, TENMH, TCLT, TCTH, MAKHOA)
VALUES
('THDC','Tin hoc dai cuong',4,1,'KHMT'),
('CTRR','Cau truc roi rac',5,0,'KHMT'),
('CSDL','Co so du lieu',3,1,'HTTT'),
('CTDLGT','Cau truc du lieu va giai thuat',3,1,'KHMT'),
('PTTKTT','Phan tich thiet ke thuat toan',3,0,'KHMT'),
('DHMT','Do hoa may tinh',3,1,'KHMT'),
('KTMT','Kien truc may tinh',3,0,'KTMT'),
('TKCSDL','Thiet ke co so du lieu',3,1,'HTTT'),
('PTTKHTTT','Phan tich thiet ke he thong thong tin',4,1,'HTTT'),
('HDH','He dieu hanh',4,0,'KTMT'),
('NMCNPM','Nhap mon cong nghe phan mem',3,0,'CNPM'),
('LTCFW','Lap trinh C for win',3,1,'CNPM'),
('LTHDT','Lap trinh huong doi tuong',3,1,'CNPM')

INSERT INTO LOP (MALOP, TENLOP, TRGLOP, SISO, MAGVCN)
VALUES
('K11','Lop 1 khoa 1','K1108',11,'GV07'),
('K12','Lop 2 khoa 1','K1205',12,'GV09'),
('K13','Lop 3 khoa 1','K1305',12,'GV14')

INSERT INTO HOCVIEN (MAHV, HO, TEN, NGSINH, GIOITINH, NOISINH, MALOP)
VALUES
('K1101','Nguyen Van','A','1/27/1986','Nam','TpHCM','K11'),
('K1102','Tran Ngoc','Han','3/1/1986','Nu','Kien Giang','K11'),
('K1103','Ha Duy','Lap','4/18/1986','Nam','Nghe An','K11'),
('K1104','Tran Ngoc','Linh','3/30/1986','Nu','Tay Ninh','K11'),
('K1105','Tran Minh','Long','2/27/1986','Nam','TpHCM','K11'),
('K1106','Le Nhat','Minh','1/24/1986','Nam','TpHCM','K11'),
('K1107','Nguyen Nhu','Nhut','1/27/1986','Nam','Ha Noi','K11'),
('K1108','Nguyen Manh','Tam','2/27/1986','Nam','Kien Giang','K11'),
('K1109','Phan Thi Thanh','Tam','1/27/1986','Nu','Vinh Long','K11'),
('K1110','Le Hoai','Thuong','2/5/1986','Nu','Can Tho','K11'),
('K1111','Le Ha','Vinh','12/25/1986','Nam','Vinh Long','K11'),
('K1201','Nguyen Van','B','2/11/1986','Nam','TpHCM','K12'),
('K1202','Nguyen Thi Kim','Duyen','1/18/1986','Nu','TpHCM','K12'),
('K1203','Tran Thi Kim','Duyen','9/17/1986','Nu','TpHCM','K12'),
('K1204','Truong My','Hanh','5/19/1986','Nu','Dong Nai','K12'),
('K1205','Nguyen Thanh','Nam','4/17/1986','Nam','TpHCM','K12'),
('K1206','Nguyen Thi Truc','Thanh','3/4/1986','Nu','Kien Giang','K12'),
('K1207','Tran Thi Bich','Thuy','2/8/1986','Nu','Nghe An','K12'),
('K1208','Huynh Thi Kim','Trieu','4/8/1986','Nu','Tay Ninh','K12'),
('K1209','Pham Thanh','Trieu','2/23/1986','Nam','TpHCM','K12'),
('K1210','Ngo Thanh','Tuan','2/14/1986','Nam','TpHCM','K12'),
('K1211','Do Thi','Xuan','3/9/1986','Nu','Ha Noi','K12'),
('K1212','Le Thi Phi','Yen','3/12/1986','Nu','TpHCM','K12'),
('K1301','Nguyen Thi Kim','Cuc','6/9/1986','Nu','Kien Giang','K13'),
('K1302','Truong Thi My','Hien','3/18/1986','Nu','Nghe An','K13'),
('K1303','Le Duc','Hien','3/12/1986','Nam','Tay Ninh','K13'),
('K1304','Le Quang','Hien','4/18/1986','Nam','TpHCM','K13'),
('K1305','Le Thi','Huong','3/27/1986','Nu','TpHCM','K13'),
('K1306','Nguyen Thai','Huu','3/30/1986','Nam','Ha Noi','K13'),
('K1307','Tran Minh','Man','5/28/1986','Nam','TpHCM','K13'),
('K1308','Nguyen Hieu','Nghia','4/8/1986','Nam','Kien Giang','K13'),
('K1309','Nguyen Trung','Nghia','1/18/1987','Nam','Nghe An','K13'),
('K1310','Tran Thi Hong','Tham','4/22/1986','Nu','Tay Ninh','K13'),
('K1311','Tran Minh','Thuc','4/4/1986','Nam','TpHCM','K13'),
('K1312','Nguyen Thi Kim','Yen','9/7/1986','Nu','TpHCM','K13')

INSERT INTO GIANGDAY (MALOP, MAMH, MAGV, HOCKY, NAM, TUNGAY, DENNGAY)
VALUES
('K11','THDC','GV07',1,2006,'1/2/2006','5/12/2006'),
('K12','THDC','GV06',1,2006,'1/2/2006','5/12/2006'),
('K13','THDC','GV15',1,2006,'1/2/2006','5/12/2006'),
('K11','CTRR','GV02',1,2006,'1/9/2006','5/17/2006'),
('K12','CTRR','GV02',1,2006,'1/9/2006','5/17/2006'),
('K13','CTRR','GV08',1,2006,'1/9/2006','5/17/2006'),
('K11','CSDL','GV05',2,2006,'6/1/2006','7/15/2006'),
('K12','CSDL','GV09',2,2006,'6/1/2006','7/15/2006'),
('K13','CTDLGT','GV15',2,2006,'6/1/2006','7/15/2006'),
('K13','CSDL','GV05',3,2006,'8/1/2006','12/15/2006'),
('K13','DHMT','GV07',3,2006,'8/1/2006','12/15/2006'),
('K11','CTDLGT','GV15',3,2006,'8/1/2006','12/15/2006'),
('K12','CTDLGT','GV15',3,2006,'8/1/2006','12/15/2006'),
('K11','HDH','GV04',1,2007,'1/2/2007','2/18/2007'),
('K12','HDH','GV04',1,2007,'1/2/2007','3/20/2007'),
('K11','DHMT','GV07',1,2007,'2/18/2007','3/20/2007')

INSERT INTO DIEUKIEN(MAMH, MAMH_TRUOC)
VALUES
('CSDL','CTRR'),
('CSDL','CTDLGT'),
('CTDLGT','THDC'),
('PTTKTT','THDC'),
('PTTKTT','CTDLGT'),
('DHMT','THDC'),
('LTHDT','THDC'),
('PTTKHTTT','CSDL')

INSERT INTO KETQUATHI (MAHV, MAMH, LANTHI, NGTHI, DIEM, KQUA)
VALUES
('K1101','CSDL',1,'7/20/2006',10.00,'Dat'),
('K1101','CTDLGT',1,'12/28/2006',9.00,'Dat'),
('K1101','THDC',1,'5/20/2006',9.00,'Dat'),
('K1101','CTRR',1,'5/13/2006',9.50,'Dat'),
('K1102','CSDL',1,'7/20/2006',4.00,'Khong Dat'),
('K1102','CSDL',2,'7/27/2006',4.25,'Khong Dat'),
('K1102','CSDL',3,'8/10/2006',4.50,'Khong Dat'),
('K1102','CTDLGT',1,'12/28/2006',4.50,'Khong Dat'),
('K1102','CTDLGT',2,'1/5/2007',4.00,'Khong Dat'),
('K1102','CTDLGT',3,'1/15/2007',6.00,'Dat'),
('K1102','THDC',1,'5/20/2006',5.00,'Dat'),
('K1102','CTRR',1,'5/13/2006',7.00,'Dat'),
('K1103','CSDL',1,'7/20/2006',3.50,'Khong Dat'),
('K1103','CSDL',2,'7/27/2006',8.25,'Dat'),
('K1103','CTDLGT',1,'12/28/2006',7.00,'Dat'),
('K1103','THDC',1,'5/20/2006',8.00,'Dat'),
('K1103','CTRR',1,'5/13/2006',6.50,'Dat'),
('K1104','CSDL',1,'7/20/2006',3.75,'Khong Dat'),
('K1104','CTDLGT',1,'12/28/2006',4.00,'Khong Dat'),
('K1104','THDC',1,'5/20/2006',4.00,'Khong Dat'),
('K1104','CTRR',1,'5/13/2006',4.00,'Khong Dat'),
('K1104','CTRR',2,'5/20/2006',3.50,'Khong Dat'),
('K1104','CTRR',3,'6/30/2006',4.00,'Khong Dat'),
('K1201','CSDL',1,'7/20/2006',6.00,'Dat'),
('K1201','CTDLGT',1,'12/28/2006',5.00,'Dat'),
('K1201','THDC',1,'5/20/2006',8.50,'Dat'),
('K1201','CTRR',1,'5/13/2006',9.00,'Dat'),
('K1202','CSDL',1,'7/20/2006',8.00,'Dat'),
('K1202','CTDLGT',1,'12/28/2006',4.00,'Khong Dat'),
('K1202','CTDLGT',2,'1/5/2007',5.00,'Dat'),
('K1202','THDC',1,'5/20/2006',4.00,'Khong Dat'),
('K1202','THDC',2,'5/27/2006',4.00,'Khong Dat'),
('K1202','CTRR',1,'5/13/2006',3.00,'Khong Dat'),
('K1202','CTRR',2,'5/20/2006',4.00,'Khong Dat'),
('K1202','CTRR',3,'6/30/2006',6.25,'Dat'),
('K1203','CSDL',1,'7/20/2006',9.25,'Dat'),
('K1203','CTDLGT',1,'12/28/2006',9.50,'Dat'),
('K1203','THDC',1,'5/20/2006',10.00,'Dat'),
('K1203','CTRR',1,'5/13/2006',10.00,'Dat'),
('K1204','CSDL',1,'7/20/2006',8.50,'Dat'),
('K1204','CTDLGT',1,'12/28/2006',6.75,'Dat'),
('K1204','THDC',1,'5/20/2006',4.00,'Khong Dat'),
('K1204','CTRR',1,'5/13/2006',6.00,'Dat'),
('K1301','CSDL',1,'12/20/2006',4.25,'Khong Dat'),
('K1301','CTDLGT',1,'7/25/2006',8.00,'Dat'),
('K1301','THDC',1,'5/20/2006',7.75,'Dat'),
('K1301','CTRR',1,'5/13/2006',8.00,'Dat'),
('K1302','CSDL',1,'12/20/2006',6.75,'Dat'),
('K1302','CTDLGT',1,'7/25/2006',5.00,'Dat'),
('K1302','THDC',1,'5/20/2006',8.00,'Dat'),
('K1302','CTRR',1,'5/13/2006',8.50,'Dat'),
('K1303','CSDL',1,'12/20/2006',4.00,'Khong Dat'),
('K1303','CTDLGT',1,'7/25/2006',4.50,'Khong Dat'),
('K1303','CTDLGT',2,'8/7/2006',4.00,'Khong Dat'),
('K1303','CTDLGT',3,'8/15/2006',4.25,'Khong Dat'),
('K1303','THDC',1,'5/20/2006',4.50,'Khong Dat'),
('K1303','CTRR',1,'5/13/2006',3.25,'Khong Dat'),
('K1303','CTRR',2,'5/20/2006',5.00,'Dat'),
('K1304','CSDL',1,'12/20/2006',7.75,'Dat'),
('K1304','CTDLGT',1,'7/25/2006',9.75,'Dat'),
('K1304','THDC',1,'5/20/2006',5.50,'Dat'),
('K1304','CTRR',1,'5/13/2006',5.00,'Dat'),
('K1305','CSDL',1,'12/20/2006',9.25,'Dat'),
('K1305','CTDLGT',1,'7/25/2006',10.00,'Dat'),
('K1305','THDC',1,'5/20/2006',8.00,'Dat'),
('K1305','CTRR',1,'5/13/2006',10.00,'Dat')

--11. Học viên ít nhất là 18 tuổi.
ALTER TABLE HOCVIEN
ADD CHECK (DATEDIFF(YEAR, NGSINH, GETDATE()) >=18)

-- 12. Giảng dạy một môn học ngày bắt đầu (TUNGAY) phải nhỏ hơn ngày kết thúc (DENNGAY).
ALTER TABLE GIANGDAY
ADD CHECK (TUNGAY < DENNGAY)

-- 13. Giáo viên khi vào làm ít nhất là 22 tuổi
ALTER TABLE GIAOVIEN
ADD CHECK (DATEDIFF(YEAR, NGSINH, NGVL) >=22)

--14. Tất cả các môn học đều có số tín chỉ lý thuyết và tín chỉ thực hành chênh lệch nhau không quá 3.
ALTER TABLE MONHOC
WITH NOCHECK
ADD CHECK (ABS(TCLT - TCTH)  <= 3)

-- 1. In ra danh sách (mã học viên, họ tên, ngày sinh, mã lớp) lớp trưởng của các lớp.
SELECT MAHV, HO, TEN, NGSINH, LOP.MALOP FROM LOP JOIN HOCVIEN ON HOCVIEN.MALOP = LOP.MALOP

-- 2. In ra bảng điểm khi thi (mã học viên, họ tên, lần thi, điểm số) môn CTRR của lớp “K12”, sắp xếp theo tên, họ học viên.
SELECT KETQUATHI.MAHV, HO, TEN, LANTHI, DIEM FROM HOCVIEN JOIN KETQUATHI ON HOCVIEN.MAHV = KETQUATHI.MAHV
WHERE MALOP = 'K12' AND MAMH = 'CTRR'
ORDER BY TEN ASC, HO ASC

-- 3. In ra danh sách những học viên (mã học viên, họ tên) và những môn học mà học viên đó thi lần thứ nhất đã đạt.
SELECT HOCVIEN.MAHV, HO, TEN FROM HOCVIEN JOIN KETQUATHI ON HOCVIEN.MAHV = KETQUATHI.MAHV
WHERE LANTHI = '1' AND KQUA = 'Dat'

-- 4. In ra danh sách học viên (mã học viên, họ tên) của lớp “K11” thi môn CTRR không đạt (ở lần thi 1).SELECT HOCVIEN.MAHV, HO, TEN FROM HOCVIEN JOIN KETQUATHI ON HOCVIEN.MAHV = KETQUATHI.MAHVWHERE MALOP = 'K11' AND MAMH = 'CTRR' AND LANTHI = '1' AND KQUA = 'Khong dat'-- 5. * Danh sách học viên (mã học viên, họ tên) của lớp “K” thi môn CTRR không đạt (ở tất cả các lần thi).SELECT HOCVIEN.MAHV, HO, TEN FROM HOCVIEN JOIN KETQUATHI ON HOCVIEN.MAHV = KETQUATHI.MAHVWHERE MALOP LIKE 'K%' AND MAMH = 'CTRR' AND KQUA = 'Khong dat'